{
  "POST Log In User" : {
    "transaction" : "POST Log In User",
    "sampleCount" : 10,
    "errorCount" : 0,
    "errorPct" : 0.0,
    "meanResTime" : 1183.4,
    "medianResTime" : 1189.5,
    "minResTime" : 1093.0,
    "maxResTime" : 1264.0,
    "pct1ResTime" : 1262.8,
    "pct2ResTime" : 1264.0,
    "pct3ResTime" : 1264.0,
    "throughput" : 0.9746588693957114,
    "receivedKBytesPerSec" : 1.1995728252923976,
    "sentKBytesPerSec" : 0.2975374634502924
  },
  "DELETE User" : {
    "transaction" : "DELETE User",
    "sampleCount" : 10,
    "errorCount" : 0,
    "errorPct" : 0.0,
    "meanResTime" : 301.3,
    "medianResTime" : 306.0,
    "minResTime" : 273.0,
    "maxResTime" : 322.0,
    "pct1ResTime" : 321.3,
    "pct2ResTime" : 322.0,
    "pct3ResTime" : 322.0,
    "throughput" : 1.0728462611307799,
    "receivedKBytesPerSec" : 0.6912734014590709,
    "sentKBytesPerSec" : 0.6233823489968887
  },
  "GET Contact List" : {
    "transaction" : "GET Contact List",
    "sampleCount" : 10,
    "errorCount" : 0,
    "errorPct" : 0.0,
    "meanResTime" : 296.4,
    "medianResTime" : 290.0,
    "minResTime" : 276.0,
    "maxResTime" : 351.0,
    "pct1ResTime" : 346.70000000000005,
    "pct2ResTime" : 351.0,
    "pct3ResTime" : 351.0,
    "throughput" : 1.073652566029633,
    "receivedKBytesPerSec" : 1.1447401089757354,
    "sentKBytesPerSec" : 0.5473111713549496
  },
  "GET Contact" : {
    "transaction" : "GET Contact",
    "sampleCount" : 10,
    "errorCount" : 0,
    "errorPct" : 0.0,
    "meanResTime" : 304.8999999999999,
    "medianResTime" : 302.0,
    "minResTime" : 278.0,
    "maxResTime" : 371.0,
    "pct1ResTime" : 365.0,
    "pct2ResTime" : 371.0,
    "pct3ResTime" : 371.0,
    "throughput" : 1.073652566029633,
    "receivedKBytesPerSec" : 1.14432071344213,
    "sentKBytesPerSec" : 0.5483596601889629
  },
  "POST Add User" : {
    "transaction" : "POST Add User",
    "sampleCount" : 10,
    "errorCount" : 0,
    "errorPct" : 0.0,
    "meanResTime" : 308.90000000000003,
    "medianResTime" : 300.0,
    "minResTime" : 292.0,
    "maxResTime" : 363.0,
    "pct1ResTime" : 359.8,
    "pct2ResTime" : 363.0,
    "pct3ResTime" : 363.0,
    "throughput" : 1.0759629868732514,
    "receivedKBytesPerSec" : 1.3259352472024961,
    "sentKBytesPerSec" : 0.6925460982892189
  },
  "Total" : {
    "transaction" : "Total",
    "sampleCount" : 80,
    "errorCount" : 0,
    "errorPct" : 0.0,
    "meanResTime" : 408.4125000000001,
    "medianResTime" : 300.0,
    "minResTime" : 258.0,
    "maxResTime" : 1264.0,
    "pct1ResTime" : 1127.9,
    "pct2ResTime" : 1220.65,
    "pct3ResTime" : 1264.0,
    "throughput" : 6.4562989266403035,
    "receivedKBytesPerSec" : 6.452043065531434,
    "sentKBytesPerSec" : 3.6967670587523203
  },
  "PATCH Update User" : {
    "transaction" : "PATCH Update User",
    "sampleCount" : 10,
    "errorCount" : 0,
    "errorPct" : 0.0,
    "meanResTime" : 307.6,
    "medianResTime" : 300.5,
    "minResTime" : 293.0,
    "maxResTime" : 371.0,
    "pct1ResTime" : 364.6,
    "pct2ResTime" : 371.0,
    "pct3ResTime" : 371.0,
    "throughput" : 1.0763104079216446,
    "receivedKBytesPerSec" : 0.9078215813690668,
    "sentKBytesPerSec" : 0.7066440305134001
  },
  "GET User Profile" : {
    "transaction" : "GET User Profile",
    "sampleCount" : 10,
    "errorCount" : 0,
    "errorPct" : 0.0,
    "meanResTime" : 275.4,
    "medianResTime" : 267.5,
    "minResTime" : 258.0,
    "maxResTime" : 315.0,
    "pct1ResTime" : 314.3,
    "pct2ResTime" : 315.0,
    "pct3ResTime" : 315.0,
    "throughput" : 1.0743446497636442,
    "receivedKBytesPerSec" : 0.9053242170713365,
    "sentKBytesPerSec" : 0.5476639718521702
  },
  "POST Add Contact" : {
    "transaction" : "POST Add Contact",
    "sampleCount" : 10,
    "errorCount" : 0,
    "errorPct" : 0.0,
    "meanResTime" : 289.4,
    "medianResTime" : 283.5,
    "minResTime" : 275.0,
    "maxResTime" : 320.0,
    "pct1ResTime" : 318.3,
    "pct2ResTime" : 320.0,
    "pct3ResTime" : 320.0,
    "throughput" : 1.073191672032625,
    "receivedKBytesPerSec" : 1.1473928149817558,
    "sentKBytesPerSec" : 0.9270950713672462
  }
}